texto,sentimiento
En general la experiencia fue fatal y una estrella,negativo
En general el empaque fue frustrante y no lo recomiendo,negativo
Demasiado caro para lo que ofrece,negativo
En general el empaque fue sobresaliente y cinco estrellas,positivo
"El envío fue decepcionante, no lo recomiendo",negativo
Me pareció que el vendedor fue excelente,positivo
"La experiencia fue de primera, gracias por todo",positivo
Volveré a comprar sin duda,positivo
El técnico no llegó y no avisó,negativo
La app fue horrible,negativo
Me encanta el diseño y los colores,positivo
La app fue increíble,positivo
El servicio fue inaceptable,negativo
Me pareció que la app fue horrible,negativo
El envío fue increíble,positivo
"La atención fue decepcionante, quedé muy molesto",negativo
La plataforma de pagos es muy segura,positivo
La relación calidad precio es muy buena,positivo
El empaque no tuvo ningún problema,positivo
"La app fue impecable, todo perfecto",positivo
El precio fue decepcionante,negativo
"Superó lo que pagué, vale cada peso",positivo
En general el vendedor fue de primera y lo recomiendo,positivo
Me pareció que el soporte fue fatal,negativo
En general el soporte fue muy pobre y quedé muy molesto,negativo
El servicio no fue agradable,negativo
"El servicio fue fatal, no lo recomiendo",negativo
La calidad del producto superó mis expectativas,positivo
Me pareció que la experiencia fue increíble,positivo
El producto fue excelente,positivo
"El envío fue muy pobre, una estrella",negativo
En general el empaque fue decepcionante y todo salió mal,negativo
Se nota el cuidado en cada detalle,positivo
"La atención fue de primera, todo perfecto",positivo
El precio no fue lo que esperaba,negativo
La experiencia fue decepcionante,negativo
Fue una experiencia agradable de principio a fin,positivo
"La app fue decepcionante, quedé muy molesto",negativo
El servicio fue horrible,negativo
"Mal producto, una estrella",negativo
El precio fue impecable,positivo
"El soporte fue horrible, todo salió mal",negativo
En general el producto fue impecable y gracias por todo,positivo
El técnico llegó puntual e hizo un trabajo impecable,positivo
Pésimo servicio postventa,negativo
El repartidor fue muy amable,positivo
"Muy recomendado, volvería a pedir",positivo
Me pareció que la app fue brillante,positivo
La entrega fue horrible,negativo
El soporte fue sobresaliente,positivo
El manual es confuso y la instalación imposible,negativo
En general el envío fue terrible y no vuelvo a comprar,negativo
Dejó de funcionar a la semana,negativo
Todo llegó en orden y a tiempo,positivo
Me pareció que el empaque fue un desastre,negativo
La comida llegó fría y tarde,negativo
El proceso de pago fue simple y seguro,positivo
La tienda fue increíble,positivo
"El servicio fue decepcionante, no lo recomiendo",negativo
En general el envío fue de primera y volveré a comprar,positivo
Experiencia de compra confusa y lenta,negativo
No recibí respuesta del soporte,negativo
"La app fue lamentable, no vuelvo a comprar",negativo
"El empaque fue un desastre, todo salió mal",negativo
"El vendedor fue horrible, no vuelvo a comprar",negativo
Funciona mejor que la marca que usaba antes,positivo
El personal del hotel fue grosero,negativo
El envío llegó antes de lo prometido,positivo
En general la experiencia fue brillante y todo perfecto,positivo
El pedido llegó tarde y mal embalado,negativo
En general la atención fue un desastre y no lo recomiendo,negativo
"El servicio fue lamentable, quiero mi dinero",negativo
En general el producto fue increíble y volveré a comprar,positivo
Precios altos para tan mala calidad,negativo
La instalación fue sencilla gracias al manual,positivo
La entrega fue de primera,positivo
El servicio al cliente fue poco amable,negativo
Buena calidad y entrega a tiempo,positivo
"El empaque fue fatal, quiero mi dinero",negativo
El precio fue de primera,positivo
En general el envío fue lamentable y una estrella,negativo
La habitación estaba limpia y cómoda,positivo
No volvería a comprar aquí,negativo
"La app fue horrible, quedé muy molesto",negativo
Una experiencia frustrante de principio a fin,negativo
Me pareció que el precio fue fatal,negativo
En general la entrega fue excelente y todo perfecto,positivo
El producto llegó roto y sin piezas,negativo
Rechazaron la garantía sin explicación,negativo
El soporte no tuvo ningún problema,positivo
Me pareció que la app fue muy eficiente,positivo
El producto no coincide con la descripción,negativo
La atención fue inaceptable,negativo
El curso en línea fue claro y muy práctico,positivo
En general la atención fue inaceptable y todo salió mal,negativo
La talla era exacta y la tela es de excelente calidad,positivo
El producto fue inaceptable,negativo
La tienda fue muy recomendable,positivo
"El precio fue excelente, cinco estrellas",positivo
El envío fue impecable,positivo
En general el soporte fue decepcionante y no lo recomiendo,negativo
Compra complicada y llena de errores,negativo
El producto no se parece a las fotos,negativo
El repartidor fue muy grosero,negativo
Me pareció que el servicio fue de primera,positivo
En general la app fue deficiente y no lo recomiendo,negativo
Muy buena experiencia de compra en línea,positivo
El envío fue muy recomendable,positivo
"Rápidos, confiables y honestos",positivo
"El envío fue sobresaliente, quedé feliz",positivo
"El envío fue espectacular, lo recomiendo",positivo
Se nota el descuido en los acabados,negativo
El producto es tal cual aparece en las fotos,positivo
El envío no fue lo que esperaba,negativo
"La entrega fue deficiente, quedé muy molesto",negativo
"La app fue de primera, volveré a comprar",positivo
Me vendieron un modelo equivocado,negativo
Me pareció que el empaque fue brillante,positivo
En general la tienda fue deficiente y todo salió mal,negativo
El soporte fue frustrante,negativo
Respuesta inmediata del servicio al cliente,positivo
En general el envío fue excelente y gracias por todo,positivo
El paquete llegó incompleto,negativo
Me pareció que el envío fue un desastre,negativo
En general el precio fue excelente y todo perfecto,positivo
Estoy muy molesto con la compra 😡,negativo
El precio no tuvo ningún problema,positivo
Me cobraron dos veces y nadie responde,negativo
Me pareció que la entrega fue deficiente,negativo
No esperaba tanta calidad por ese precio,positivo
El soporte fue muy eficiente,positivo
Me pareció que el precio fue muy recomendable,positivo
En general el empaque fue fatal y una estrella,negativo
No tuve ningún problema con la entrega,positivo
El producto no tuvo ningún problema,positivo
La peor tienda en línea que he probado,negativo
Me pareció que el soporte fue muy eficiente,positivo
En general el soporte fue frustrante y quiero mi dinero,negativo
La experiencia no tuvo ningún problema,positivo
El soporte no fue aceptable,negativo
Me pareció que el servicio fue genial,positivo
"El precio fue horrible, no vuelvo a comprar",negativo
La app fue muy pobre,negativo
En general el soporte fue un desastre y quiero mi dinero,negativo
En general la entrega fue inaceptable y no vuelvo a comprar,negativo
La entrega fue genial,positivo
Calidad premium y excelente acabado,positivo
Los precios son justos y la calidad es alta,positivo
La comida llegó caliente y deliciosa,positivo
Me pareció que la tienda fue deficiente,negativo
Funciona peor que la marca anterior,negativo
Un desperdicio de dinero,negativo
La aplicación falla constantemente,negativo
Me devolvieron el dinero sin complicaciones,positivo
En general la experiencia fue muy recomendable y volveré a comprar,positivo
La experiencia fue lamentable,negativo
"El precio fue excelente, volveré a comprar",positivo
El vendedor fue muy recomendable,positivo
"El precio fue excelente, todo perfecto",positivo
"La entrega fue horrible, todo salió mal",negativo
"La tienda fue genial, quedé feliz",positivo
En general el servicio fue excelente y volveré a comprar,positivo
"Qué mala atención, nadie ayuda 👎",negativo
La atención no tuvo ningún problema,positivo
Acabado barato y se rompe fácil,negativo
El empaque fue muy recomendable,positivo
Me pareció que la atención fue muy eficiente,positivo
Me pareció que el empaque fue lamentable,negativo
El servicio al cliente nunca contesta,negativo
En general la entrega fue de primera y todo perfecto,positivo
"La tienda fue muy pobre, quiero mi dinero",negativo
En general el soporte fue horrible y quedé muy molesto,negativo
Me pareció que la entrega fue muy eficiente,positivo
El producto no fue agradable,negativo
En general la entrega fue genial y gracias por todo,positivo
El producto fue genial,positivo
"El producto fue deficiente, quedé muy molesto",negativo
El vendedor respondió todas mis dudas,positivo
El soporte fue brillante,positivo
Me pareció que el producto fue de primera,positivo
"La entrega fue inaceptable, una estrella",negativo
Me pareció que el vendedor fue lamentable,negativo
El empaque no fue aceptable,negativo
"La tienda fue lamentable, todo salió mal",negativo
En general la entrega fue un desastre y no vuelvo a comprar,negativo
El producto fue un desastre,negativo
El empaque fue lamentable,negativo
La entrega fue muy eficiente,positivo
En general la entrega fue brillante y lo recomiendo,positivo
Me sorprendió lo bien que funciona,positivo
En general la tienda fue un desastre y quiero mi dinero,negativo
"El empaque fue muy pobre, todo salió mal",negativo
En general el soporte fue muy eficiente y volveré a comprar,positivo
Esperé una hora en el chat sin respuesta,negativo
"El precio fue fatal, no vuelvo a comprar",negativo
"El envío fue increíble, cinco estrellas",positivo
"El producto fue muy eficiente, quedé feliz",positivo
La entrega fue impecable,positivo
La atención no fue eficiente,negativo
Me pareció que el producto fue increíble,positivo
Gracias por la atención tan rápida 👍,positivo
En general el empaque fue frustrante y no vuelvo a comprar,negativo
El soporte fue decepcionante,negativo
La garantía cubrió todo sin preguntas,positivo
La talla no era la correcta y la tela es mala,negativo
"Excelente producto, cinco estrellas",positivo
Faltaron productos en el pedido,negativo
Recibí mi pedido rápido y en perfecto estado,positivo
"La experiencia fue espectacular, volveré a comprar",positivo
Tuve problemas para realizar el pago,negativo
Mala calidad y entrega tardía,negativo
"El precio fue impecable, gracias por todo",positivo
Encontré justo lo que buscaba,positivo
La asesora fue amable y muy paciente conmigo,positivo
La habitación estaba sucia e incómoda,negativo
No funciona y el soporte no ayuda,negativo
La app fue inaceptable,negativo
Me pareció que el precio fue sobresaliente,positivo
No encontré lo que anunciaban,negativo
No vale lo que cuesta,negativo
El color es horrible y distinto al anunciado,negativo
El curso en línea fue desordenado y aburrido,negativo
Excelente servicio y atención del equipo,positivo
El empaque venía protegido y sin daños,positivo
"La tienda fue muy recomendable, cinco estrellas",positivo
Recomiendo esta tienda a mis amigos,positivo
Me pareció que la entrega fue lamentable,negativo
"El servicio fue increíble, volveré a comprar",positivo
El vendedor ignoró mis preguntas,negativo
Me pareció que la entrega fue de primera,positivo
En general el soporte fue brillante y volveré a comprar,positivo
"No lo recomiendo, no vuelvo a pedir",negativo
El servicio fue lamentable,negativo
En general la experiencia fue excelente y gracias por todo,positivo
"La atención fue brillante, lo recomiendo",positivo
Me pareció que la entrega fue inaceptable,negativo
La experiencia superó lo que imaginaba,positivo
Todo salió mal con este pedido,negativo
La experiencia fue frustrante,negativo
Muy satisfecho con el servicio postventa,positivo
En general el soporte fue muy recomendable y lo recomiendo,positivo
Nunca me devolvieron el dinero,negativo
La caja llegó abierta y dañada,negativo
El producto llegó bien embalado y completo,positivo
Me resolvieron la garantía en un solo día,positivo
El precio fue lamentable,negativo
El soporte técnico resolvió mi problema enseguida,positivo
La batería dura muchísimo más de lo que esperaba,positivo
Me pareció que el envío fue impecable,positivo
La batería dura muy poco,negativo
Atención cordial por chat las veinticuatro horas,positivo
Me pareció que la experiencia fue decepcionante,negativo
La atención fue impecable,positivo
En general la tienda fue decepcionante y todo salió mal,negativo
"El envío fue brillante, gracias por todo",positivo
El servicio fue frustrante,negativo
La página de pagos parece insegura,negativo
En general la app fue impecable y volveré a comprar,positivo
El servicio fue impecable,positivo
Producto útil y fácil de usar,positivo
El servicio fue lento e ineficiente,negativo
"La entrega fue espectacular, todo perfecto",positivo
Me encantó la presentación y el empaque,positivo
"El soporte fue brillante, lo recomiendo",positivo
El servicio fue rápido y eficiente,positivo
El precio fue increíble,positivo
La app no fue eficiente,negativo
"La app fue impecable, volveré a comprar",positivo
En general la app fue muy eficiente y volveré a comprar,positivo
En general la app fue brillante y cinco estrellas,positivo
Me pareció que la tienda fue decepcionante,negativo
Me pareció que la entrega fue terrible,negativo
Me pareció que la experiencia fue muy pobre,negativo
Me pareció que el vendedor fue muy pobre,negativo
El servicio no tuvo ningún problema,positivo
Todo funcionó perfecto desde el primer día,positivo
El envío fue un desastre,negativo
Compra fácil y sin contratiempos,positivo
Me ayudaron a elegir el modelo correcto,positivo
La experiencia fue peor de lo que imaginaba,negativo
En general la entrega fue excelente y quedé feliz,positivo
La garantía no sirvió de nada,negativo
Me pareció que el precio fue inaceptable,negativo
"La app fue sobresaliente, lo recomiendo",positivo
"El envío fue lamentable, no vuelvo a comprar",negativo
Me pareció que el vendedor fue muy eficiente,positivo
La app no tuvo ningún problema,positivo
En general la app fue de primera y cinco estrellas,positivo
La app es intuitiva y carga rápido,positivo
En general el precio fue genial y cinco estrellas,positivo
No me gustó para nada el servicio,negativo
Gran variedad de productos y buenos descuentos,positivo
Definitivamente la mejor tienda en línea,positivo
La app se cierra sola cada vez que pago,negativo
Me pareció que el envío fue excelente,positivo
En general el precio fue frustrante y no lo recomiendo,negativo
"El precio fue decepcionante, no vuelvo a comprar",negativo
Estoy feliz con la compra 😍,positivo
Pésima relación calidad precio,negativo
La tienda fue brillante,positivo
En general el producto fue lamentable y quiero mi dinero,negativo
La entrega fue deficiente,negativo
"El empaque fue decepcionante, una estrella",negativo
La entrega no fue lo que esperaba,negativo
El envío se demoró casi un mes,negativo
"Nada que reprochar, todo excelente",positivo
Me pareció que el empaque fue muy pobre,negativo
Me pareció que la experiencia fue impecable,positivo
Me pareció que el servicio fue frustrante,negativo
La calidad del producto fue decepcionante,negativo
La experiencia no fue aceptable,negativo
El personal del hotel fue muy atento,positivo
El vendedor fue inaceptable,negativo
Me pareció que el vendedor fue un desastre,negativo
La entrega no tuvo ningún problema,positivo
"La experiencia fue sobresaliente, cinco estrellas",positivo
"Lentos, desorganizados y poco confiables",negativo
La app fue frustrante,negativo
El envío no tuvo ningún problema,positivo
"La atención fue brillante, cinco estrellas",positivo
