titulo,resena,sentimiento
Horizonte Azul,La historia fue emotiva y las actuaciones excelentes,positivo
Noche Final,Guion confuso y ritmo lento durante casi toda la película,negativo
Código Lunar,Muy buena fotografía y final sorprendente,positivo
Ciudad Vacía,Diálogos forzados y personajes poco creíbles,negativo
Ruta Infinita,Banda sonora memorable y trama bien construida,positivo
Ecos del Pasado,Demasiado larga y con escenas repetitivas,negativo
Frontera Digital,Interesante propuesta con gran dirección de arte,positivo
Silencio Gris,Poca coherencia narrativa y actuaciones regulares,negativo
Tiempo de Fuego,Entretenida de principio a fin,positivo
Marea Oscura,No conecta emocionalmente con el espectador,negativo
Luz de Invierno,Excelente equilibrio entre drama y humor,positivo
Última Escena,Final apresurado y personajes desaprovechados,negativo
El Faro,Una obra maestra con actuaciones brillantes,positivo
Sombras de Papel,"Aburrida, predecible y sin emoción",negativo
Jardín de Vidrio,Visualmente hermosa y con un guion inteligente,positivo
Puerto Perdido,Los efectos especiales se ven baratos y falsos,negativo
La Última Ola,"Me hizo reír y llorar, totalmente recomendada",positivo
Circuito Cerrado,El protagonista no transmite nada,negativo
Alas de Cobre,Una aventura divertida para toda la familia,positivo
Calle Doce,"Dos horas perdidas, no la recomiendo",negativo
Polvo de Estrellas,Gran química entre los actores principales,positivo
Bajo Cero,El ritmo es lentísimo y el final decepciona,negativo
Mar Adentro Dos,Una historia conmovedora y muy bien dirigida,positivo
Ruido Blanco,Guion lleno de huecos y escenas sin sentido,negativo
El Gran Salto,"Emocionante, con escenas de acción espectaculares",positivo
Niebla,La peor película que he visto este año,negativo
Raíces,Actuaciones sinceras y una fotografía preciosa,positivo
Vértigo Urbano,"Ruidosa, confusa y sin personajes interesantes",negativo
Cartas al Viento,Un romance tierno y bien escrito,positivo
Zona Muerta,El humor no funciona y los chistes son malos,negativo
Noche de Jazz,La música es maravillosa y la trama atrapa,positivo
Paralelo Sur,Mal editada y con un sonido terrible,negativo
Volver a Casa,"Cálida, honesta y muy humana",positivo
La Fuga,Predecible desde el primer minuto,negativo
Semillas,Un documental inspirador y bien investigado,positivo
Eclipse Rojo,Los diálogos son ridículos y exagerados,negativo
Viaje al Norte,Paisajes impresionantes y una narración fluida,positivo
Doble Juego,Un desastre de principio a fin,negativo
Corazón de León,Una secuela que supera a la original,positivo
Distrito Nueve Bis,Copia barata de otras películas,negativo
El Relojero,"Ingeniosa, original y con un giro final genial",positivo
Tormenta,No entendí la historia y me aburrí,negativo
Primavera,Delicada y llena de momentos memorables,positivo
Asfalto,Violencia innecesaria y guion vacío,negativo
La Biblioteca,Los personajes están muy bien desarrollados,positivo
Señal Perdida,Demasiado ruido y poca historia,negativo
Ciudad de Papel,Divertida y con un mensaje muy bonito,positivo
El Muro,Actuaciones acartonadas y sin carisma,negativo
Horizonte Rojo,Tensión constante y un final impecable,positivo
Domingo Gris,"Larga, lenta y sin propósito",negativo
Estrella Fugaz,"Me encantó, la volvería a ver",positivo
Interferencia,"No me gustó nada, muy mala",negativo
El Puente,Una película honesta que deja pensando,positivo
Laberinto,Confusa y pretenciosa,negativo
Amanecer,Brillante dirección y un reparto excelente,positivo
Fuera de Foco,La cámara tiembla todo el tiempo y marea,negativo
Los Viajeros,Una comedia fresca y muy entretenida,positivo
Cenizas,"Triste pero no de forma conmovedora, solo aburrida",negativo
Mareas Vivas,Una banda sonora que eriza la piel,positivo
El Encargo,El final arruina toda la película,negativo
